fight_id,fighter_id,fight_date,opponent,result,DECISION,round_finished,finish_time,event,created_at
142,3,2025-12-14,"Kevin Vallejos",Loss,KO/TKO,2,1:29,"UFC Fight Night: Royval vs. Kape","2026-03-04 19:05:14"
141,2,2025-12-07,"Peter Yan",Loss,Decision,5,5:00,"UFC 323: Dvalishvili vs. Yan 2","2026-03-04 19:05:14"
140,5,2025-11-22,"Bekzat Almakhan",Win,Decision,3,5:00,"UFC Fight Night: Tsarukyan vs. Hooker","2026-03-04 19:05:14"
139,2,2025-10-05,"Cory Sandhagen",Win,Decision,5,5:00,"UFC 320: Ankalaev vs. Pereira 2","2026-03-04 19:05:14"
62,4,2025-08-10,"Anthony Hernandez",Loss,Submission,4,2:45,"UFC Fight Night: Dolidze vs. Hernandez","2025-08-19 11:23:19"
1,1,2025-06-29,"Charles Oliveira",Win,KO/TKO,1,2:27,"UFC 317: Topuria vs. Oliveira","2025-08-19 11:09:30"
18,2,2025-06-08,"Sean O'Malley",Win,Submission,3,4:42,"UFC 316: Dvalishvili vs. O'Malley 2","2025-08-19 11:14:29"
42,3,2025-04-27,"David Onama",Loss,"Decision - Unanimous",3,5:00,"UFC Fight Night: Machado Garry vs. Prates","2025-08-19 11:23:16"
107,7,2025-03-22,"Kauê Fernandes",Loss,"Decision - Unanimous",3,5:00,"UFC Fight Night: Edwards vs. Brady","2025-08-19 11:23:27"
63,4,2025-03-16,"Marvin Vettori",Win,"Decision - Unanimous",5,5:00,"UFC Fight Night: Vettori vs. Dolidze 2","2025-08-19 11:23:19"
81,5,2025-02-09,"Colby Thicknesse",Win,"Decision - Unanimous",3,5:00,"UFC 312: Du Plessis vs. Strickland 2","2025-08-19 11:23:22"
19,2,2025-01-19,"Umar Nurmagomedov",Win,"Decision - Unanimous",5,5:00,"UFC 311: Makhachev vs. Moicano","2025-08-19 11:14:29"
2,1,2024-10-26,"Max Holloway",Win,KO/TKO,3,1:34,"UFC 308: Topuria vs. Holloway","2025-08-19 11:09:30"
64,4,2024-10-06,"Kevin Holland",Win,KO/TKO,1,5:00,"UFC 307: Pereira vs. Rountree Jr.","2025-08-19 11:23:19"
20,2,2024-09-15,"Sean O'Malley",Win,"Decision - Unanimous",5,5:00,"UFC 306 – Riyadh Season Noche UFC: O'Malley vs. Dvalishvili","2025-08-19 11:14:29"
108,7,2024-08-03,"Jordan Vucenic",Win,"Decision - Unanimous",3,5:00,"UFC Fight Night: Sandhagen vs. Nurmagomedov","2025-08-19 11:23:27"
43,3,2024-07-28,"Arnold Allen",Loss,"Decision - Unanimous",3,5:00,"UFC 304: Edwards vs. Muhammad 2","2025-08-19 11:23:16"
65,4,2024-06-30,"Anthony Smith",Win,"Decision - Unanimous",3,5:00,"UFC 303: Pereira vs. Procházka 2","2025-08-19 11:23:19"
3,1,2024-02-18,"Alexander Volkanovski",Win,KO/TKO,2,3:32,"UFC 298: Volkanovski vs. Topuria","2025-08-19 11:09:30"
21,2,2024-02-18,"Henry Cejudo",Win,"Decision - Unanimous",3,5:00,"UFC 298: Volkanovski vs. Topuria","2025-08-19 11:14:29"
66,4,2024-02-04,"Nassourdine Imavov",Loss,"Decision - Majority",5,5:00,"UFC Fight Night: Dolidze vs. Imavov","2025-08-19 11:23:19"
44,3,2023-08-26,"Alex Caceres",Win,"Decision - Unanimous",3,5:00,"UFC Fight Night: Holloway vs. The Korean Zombie","2025-08-19 11:23:16"
109,7,2023-07-02,"Elves Brener",Loss,KO/TKO,3,3:17,"UFC Fight Night: Strickland vs. Magomedov","2025-08-19 11:23:27"
4,1,2023-06-24,"Josh Emmett",Win,"Decision - Unanimous",5,5:00,"UFC Fight Night: Emmett vs. Topuria","2025-08-19 11:09:30"
82,5,2023-05-20,"Johan Segas",Win,KO/TKO,1,1:27,"WOW 9: Way of Warriors FC","2025-08-19 11:23:22"
67,4,2023-03-18,"Marvin Vettori",Loss,"Decision - Unanimous",3,5:00,"UFC 286: Edwards vs. Usman 3","2025-08-19 11:23:19"
22,2,2023-03-12,"Petr Yan",Win,"Decision - Unanimous",5,5:00,"UFC Fight Night: Yan vs. Dvalishvili","2025-08-19 11:14:29"
5,1,2022-12-11,"Bryce Mitchell",Win,Submission,2,3:10,"UFC 282: Blachowicz vs. Ankalaev","2025-08-19 11:09:30"
68,4,2022-12-04,"Jack Hermansson",Win,KO/TKO,2,4:06,"UFC Fight Night: Thompson vs. Holland","2025-08-19 11:23:19"
69,4,2022-10-30,"Phil Hawes",Win,KO/TKO,1,4:09,"UFC Fight Night: Kattar vs. Allen","2025-08-19 11:23:19"
23,2,2022-08-21,"José Aldo",Win,"Decision - Unanimous",3,5:00,"UFC 278: Usman vs. Edwards 2","2025-08-19 11:14:29"
70,4,2022-06-19,"Kyle Daukaus",Win,KO/TKO,1,1:13,"UFC Fight Night: Kattar vs. Emmett","2025-08-19 11:23:19"
110,7,2022-06-19,"Damir Ismagulov",Loss,"Decision - Split",3,5:00,"UFC Fight Night: Kattar vs. Emmett","2025-08-19 11:23:27"
125,8,2022-05-20,"Daria Zhelezniakova",Loss,"Decision - Unanimous",3,5:00,"Ares FC 6: Damiani vs. Tulshaev","2025-08-19 11:23:31"
6,1,2022-03-19,"Jai Herbert",Win,KO/TKO,2,1:07,"UFC Fight Night: Volkov vs. Aspinall","2025-08-19 11:09:30"
83,5,2022-03-12,"Alberto Ibanez",Win,KO/TKO,1,1:54,"WAR MMA 1: World Athlete Radical","2025-08-19 11:23:22"
45,3,2022-01-16,"Calvin Kattar",Loss,"Decision - Unanimous",5,5:00,"UFC Fight Night: Kattar vs. Chikadze","2025-08-19 11:23:16"
84,5,2021-12-08,"Lucas Tenorio",Win,KO/TKO,1,1:48,"HDH: Hombres de Honor 110","2025-08-19 11:23:22"
126,8,2021-11-13,"Cortney Casey",Loss,"Decision - Unanimous",3,5:00,"UFC Fight Night: Holloway vs. Rodriguez","2025-08-19 11:23:31"
24,2,2021-09-26,"Marlon Moraes",Win,KO/TKO,2,4:25,"UFC 266: Volkanovski vs. Ortega","2025-08-19 11:14:29"
46,3,2021-08-29,"Edson Barboza",Win,KO/TKO,3,1:44,"UFC Fight Night: Barboza vs. Chikadze","2025-08-19 11:23:16"
7,1,2021-07-11,"Ryan Hall",Win,KO/TKO,1,4:47,"UFC 264: Poirier vs. McGregor 3","2025-08-19 11:09:30"
71,4,2021-06-06,"Laureano Staropoli",Win,"Decision - Unanimous",3,5:00,"UFC Fight Night: Rozenstruik vs. Sakai","2025-08-19 11:23:19"
25,2,2021-05-02,"Cody Stamann",Win,"Decision - Unanimous",3,5:00,"UFC Fight Night: Reyes vs. Prochazka","2025-08-19 11:14:29"
47,3,2021-05-02,"Cub Swanson",Win,KO/TKO,1,1:03,"UFC Fight Night: Reyes vs. Prochazka","2025-08-19 11:23:16"
72,4,2021-03-21,"Trevin Giles",Loss,"Decision - Unanimous",3,5:00,"UFC Fight Night: Brunson vs. Holland","2025-08-19 11:23:19"
8,1,2020-12-06,"Damon Jackson",Win,KO/TKO,1,2:38,"UFC Fight Night: Hermansson vs. Vettori","2025-08-19 11:09:30"
73,4,2020-12-06,"John Allan",Win,"Decision - Split",3,5:00,"UFC Fight Night: Hermansson vs. Vettori","2025-08-19 11:23:19"
48,3,2020-11-08,"Jamey Simmons",Win,KO/TKO,1,3:51,"UFC Fight Night: Santos vs. Teixeira","2025-08-19 11:23:16"
127,8,2020-10-24,"Miranda Maverick",Loss,"TKO - Doctor's Stoppage",1,5:00,"UFC 254: Khabib vs. Gaethje","2025-08-19 11:23:31"
111,7,2020-10-18,"Mateusz Gamrot",Win,"Decision - Split",3,5:00,"UFC Fight Night: Ortega vs. The Korean Zombie","2025-08-19 11:23:27"
9,1,2020-10-11,"Youssef Zalal",Win,"Decision - Unanimous",3,5:00,"UFC Fight Night: Moraes vs. Sandhagen","2025-08-19 11:09:30"
49,3,2020-10-11,"Omar Morales",Win,"Decision - Unanimous",3,5:00,"UFC Fight Night: Moraes vs. Sandhagen","2025-08-19 11:23:16"
26,2,2020-08-16,"John Dodson",Win,"Decision - Unanimous",3,5:00,"UFC 252: Miocic vs. Cormier 3","2025-08-19 11:14:29"
74,4,2020-07-19,"Khadis Ibragimov",Win,KO/TKO,1,4:15,"UFC Fight Night: Figueiredo vs. Benavidez 2","2025-08-19 11:23:19"
128,8,2020-07-16,"Diana Belbita",Win,Submission,1,2:43,"UFC Fight Night: Kattar vs. Ige","2025-08-19 11:23:31"
27,2,2020-06-14,"Gustavo Lopez",Win,"Decision - Unanimous",3,5:00,"UFC Fight Night: Eye vs. Calvillo","2025-08-19 11:14:29"
50,3,2020-05-17,"Irwin Rivera",Win,"Decision - Unanimous",3,5:00,"UFC Fight Night: Overeem vs. Harris","2025-08-19 11:23:16"
51,3,2020-03-08,"Jamall Emmers",Win,"Decision - Split",3,5:00,"UFC 248: Adesanya vs. Romero","2025-08-19 11:23:16"
28,2,2020-02-16,"Casey Kenney",Win,"Decision - Unanimous",3,5:00,"UFC Fight Night: Anderson vs. Blachowicz 2","2025-08-19 11:14:29"
10,1,2019-11-15,"Stephen Goncalves",Win,KO,1,3:42,"Brave CF 29","2025-08-19 11:09:30"
88,6,2019-11-15,"Attila Korkmaz",Win,"Decision - Unanimous",3,5:00,"ACA 101: Warsaw","2025-08-19 11:23:24"
112,7,2019-11-15,"Felipe Silva",Win,KO/TKO,1,0:44,"Brave CF 29","2025-08-19 11:23:27"
52,3,2019-09-28,"Brandon Davis",Win,"Decision - Split",3,5:00,"UFC Fight Night: Hermansson vs. Cannonier","2025-08-19 11:23:16"
11,1,2019-09-07,"Luis Gomez",Win,"Submission (Triangle Armbar)",1,1:15,"Brave CF 26","2025-08-19 11:09:30"
129,8,2019-09-07,"Sarah Moras",Loss,KO/TKO,3,2:26,"UFC 242: Khabib vs. Poirier","2025-08-19 11:23:31"
29,2,2019-05-05,"Brad Katona",Win,"Decision - Unanimous",3,5:00,"UFC Fight Night: Iaquinta vs. Cowboy","2025-08-19 11:14:29"
53,3,2019-03-24,"Damien Manzanares",Win,KO/TKO,1,0:51,"Gladiator Challenge: MMA World Championships","2025-08-19 11:23:16"
75,4,2018-12-15,"Michal Pasternak",Win,KO/TKO,3,3:00,"WWFC 13: World Warriors Fighting Championship 13","2025-08-19 11:23:19"
113,7,2018-12-01,"Guilherme Cadena",Win,KO/TKO,1,3:00,"Superior Challenge 18: Fitness Festivalen","2025-08-19 11:23:27"
114,7,2018-09-21,"Erick da Silva",Win,"Decision - Unanimous",3,5:00,"Brave CF 16","2025-08-19 11:23:27"
30,2,2018-09-15,"Terrion Ware",Win,"Decision - Unanimous",3,5:00,"UFC Fight Night: Hunt vs. Oleinik","2025-08-19 11:14:29"
54,3,2018-08-12,"C.J. Baines",Win,"Submission (Armbar)",1,0:12,"Gladiator Challenge: Summer Showdown","2025-08-19 11:23:16"
55,3,2018-06-20,"Austin Springer",Loss,Submission,3,4:10,"Dana White's Contender Series: Season 2, Week 2","2025-08-19 11:23:16"
12,1,2018-06-16,"Brian Bouland",Win,"Submission (Anaconda Choke)",1,1:39,"CW 94: Bouland vs. Topuria","2025-08-19 11:09:30"
76,4,2018-06-16,"Eder de Souza",Win,KO/TKO,2,3:36,"WWFC 11: World Warriors Fighting Championship 11","2025-08-19 11:23:19"
115,7,2018-05-19,"Nicholas Joannes",Win,KO/TKO,1,4:00,"Superior Challenge 17: Cirkus","2025-08-19 11:23:27"
13,1,2018-04-28,"Mika Hamalainen",Win,"Submission (Guillotine)",1,3:35,"CAGE 43: Cage MMA Finland 43","2025-08-19 11:09:30"
31,2,2018-04-22,"Ricky Simon",Loss,Submission,3,5:00,"UFC Fight Night: Barboza vs. Lee","2025-08-19 11:14:29"
56,3,2018-04-21,"Kevin Ceron",Win,"TKO (Punches)",1,2:37,"Gladiator Challenge: MMA Fighting Championship","2025-08-19 11:23:16"
130,8,2018-02-22,"Marina Mokhnatkina",Win,"Decision - Majority",5,5:00,"FNG: Fight Nights Global 83","2025-08-19 11:23:31"
131,8,2017-12-29,"Viktoriya Shalimova",Win,"Submission (Heel Hook)",1,0:28,"Emir Fighting Championship: EFC Selection 1","2025-08-19 11:23:31"
57,3,2017-12-16,"Kevin Gratts",Win,"KO (Punch)",1,1:17,"Gladiator Challenge: Season's Beatings","2025-08-19 11:23:16"
77,4,2017-12-14,"Amirali Joroev",Win,KO/TKO,1,3:34,"WWFC: Cage Encounter 9","2025-08-19 11:23:19"
32,2,2017-12-09,"Frankie Saenz",Loss,"Decision - Split",3,5:00,"UFC Fight Night: Swanson vs. Ortega","2025-08-19 11:14:29"
132,8,2017-07-29,"Karina Vasilenko",Win,"Submission (Armbar)",1,4:15,"FNG: Fight Nights Global 71","2025-08-19 11:23:31"
78,4,2017-06-14,"Ilyas Abdullaev",Win,"Submission (Rear Naked Choke)",1,1:21,"WWFC: Cage Encounter 7","2025-08-19 11:23:19"
58,3,2017-06-10,"Julian Hernandez",Win,"TKO (Punches)",1,0:49,"Gladiator Challenge: Summer Feud","2025-08-19 11:23:16"
33,2,2017-06-02,"Raufeon Stots",Win,"KO (Spinning Back Fist)",1,0:15,"ROC 59: Ring of Combat 59","2025-08-19 11:14:29"
89,6,2017-03-31,"Jack McGann",Win,"Decision - Unanimous",3,5:00,"FNG: Fight Nights Global 62","2025-08-19 11:23:24"
79,4,2017-03-29,"Remi Delcampe",Win,"Submission (Heel Hook)",1,0:56,"WWFC: Cage Encounter 6","2025-08-19 11:23:19"
59,3,2017-03-25,"Anthony Ross",Win,TKO,1,0:10,"Gladiator Challenge: Absolute Beatdown","2025-08-19 11:23:16"
34,2,2017-02-24,"Suhrob Aydarbekov",Win,"Submission (Armbar)",2,4:14,"ROC 58: Ring of Combat 58","2025-08-19 11:14:29"
60,3,2016-12-17,"Joe Bear",Win,"TKO (Retirement)",1,1:50,"Gladiator Challenge: Season's Beatings","2025-08-19 11:23:16"
133,8,2016-12-15,"Tao Li",Win,"Submission (Armbar)",1,3:14,"Kunlun Fight: Kunlun Fight MMA 7","2025-08-19 11:23:31"
80,4,2016-12-09,"Alexander Kovbel",Win,"Submission (Heel Hook)",1,0:42,"RFP: West Fight 23","2025-08-19 11:23:19"
35,2,2016-11-18,"Tony Gravely",Win,Decision,3,5:00,"ROC 57: Ring of Combat 57","2025-08-19 11:14:29"
90,6,2016-11-16,"Rasul Mirzaev",Win,"Decision - Unanimous",3,5:00,"EFN: Fight Nights Global 54","2025-08-19 11:23:24"
134,8,2016-11-06,"Valeria Pak",Win,"Submission (Armbar)",1,0:41,"Student League MMA: Ivanov vs. Karapetyan","2025-08-19 11:23:31"
14,1,2016-11-05,"Jhon Guarin",Win,"Submission (Guillotine)",2,2:50,"MFE: Mix Fight Events","2025-08-19 11:09:30"
36,2,2016-09-23,"Paul Grant",Win,"Decision - Unanimous",3,4:00,"ROC 56: Ring of Combat 56","2025-08-19 11:14:29"
91,6,2016-09-23,"Sean Soriano",Win,"Submission (Rear Naked Choke)",2,4:05,"CES MMA 38: Soriano vs. Makashvili","2025-08-19 11:23:24"
116,7,2016-09-17,"Gocha Smoyan",Win,KO/TKO,2,3:23,"IRFA: International Ring Fight Arena 10","2025-08-19 11:23:27"
135,8,2016-08-20,"Liang Na",Loss,"Submission (Rear Naked Choke)",2,1:46,"WLF: E.P.I.C.: Elevation Power in Cage 7","2025-08-19 11:23:31"
37,2,2016-06-10,"Matt Tullos",Win,"Decision - Unanimous",3,5:00,"CES MMA 36: Andrews vs. Muro","2025-08-19 11:14:29"
92,6,2016-06-10,"Ryan Sanders",Win,"Decision - Unanimous",3,5:00,"CES MMA 36: Andrews vs. Muro","2025-08-19 11:23:24"
117,7,2016-06-04,"Arturo Chavez",Win,"Decision - Unanimous",3,5:00,"SFN: Scandinavian Fight Nights","2025-08-19 11:23:27"
15,1,2016-05-07,"Daniel Vasquez",Win,"Submission (Rear Naked Choke)",1,1:50,"MFE: Mix Fight Events","2025-08-19 11:09:30"
38,2,2016-04-01,"Geoffrey Then",Win,"Decision - Unanimous",3,5:00,"CES MMA 34: Curtis vs. Burrell","2025-08-19 11:14:29"
93,6,2016-01-31,"Damon Jackson",Draw,Draw,3,5:00,"UFC Fight Night: Johnson vs. Bader","2025-08-19 11:23:24"
136,8,2016-01-16,"Zamzagul Fayzallanova",Loss,"Decision - Split",3,5:00,"Alash Pride: Atyrau the Beautiful","2025-08-19 11:23:31"
61,3,2015-12-18,"Gil Guardado",Loss,"Decision - Unanimous",3,5:00,"WSOF 26: Palmer vs. Almeida","2025-08-19 11:23:16"
137,8,2015-10-03,"Tatyana Pevneva",Win,TKO,1,3:07,"OFS: Octagon Fighting Sensation 5","2025-08-19 11:23:31"
138,8,2015-09-27,"Ekaterina Golovatova",Win,"Submission (Armbar)",3,5:00,"Kumite Fight: Kumite Fight 4","2025-08-19 11:23:31"
118,7,2015-09-26,"Joachim Tollefsen",Win,"Decision - Unanimous",3,5:00,"IRFA: International Right Fight Arena 9","2025-08-19 11:23:27"
94,6,2015-06-28,"Hacran Dias",Loss,"Decision - Split",3,5:00,"UFC Fight Night: Machida vs. Romero","2025-08-19 11:23:24"
119,7,2015-06-20,"Zsolt Fenyes",Win,KO/TKO,3,2:30,"AFC: Austrian Fight Challenge 1","2025-08-19 11:23:27"
85,5,2015-05-29,"Ivo Ivanov",Loss,KO/TKO,3,4:10,"MFE: Mix Fight Events","2025-08-19 11:23:22"
95,6,2015-05-16,"Mark Eddiva",Win,"Decision - Split",3,5:00,"UFC Fight Night: Edgar vs. Faber","2025-08-19 11:23:24"
16,1,2015-05-09,"Kalil Martin El Chalibi",Win,"Submission (Rear Naked Choke)",1,1:03,"Climent Club: Climent Show MMA 4","2025-08-19 11:09:30"
86,5,2015-05-09,"Alejandro Rumin",Win,"Submission (Rear Naked Choke)",1,2:59,"Climent Club: Climent Show MMA 4","2025-08-19 11:23:22"
17,1,2015-04-04,"Francisco Javier Asprilla",Win,"Submission (Triangle Choke)",1,3:30,"WCW: West Coast Warriors","2025-08-19 11:09:30"
87,5,2015-04-04,"Andrew Braulio Lazaro Chiguano",Win,"Submission (Armbar)",1,1:30,"WCW: West Coast Warriors","2025-08-19 11:23:22"
120,7,2015-03-06,"Pawel Kielek",Loss,"Submission (Kneebar)",1,1:15,"FEN 6: Showtime","2025-08-19 11:23:27"
96,6,2014-12-13,"Alexandre Bezerra",Win,"Decision - Unanimous",3,5:00,"CFFC 44: Bezerra vs Makashvili 2","2025-08-19 11:23:24"
39,2,2014-11-01,"Ricky Bandejas",Loss,"Decision - Unanimous",3,5:00,"CFFC 43: Webb vs. Good","2025-08-19 11:14:29"
40,2,2014-09-19,"Dennis Dombrow",Win,KO/TKO,3,0:50,"ROC 49: Ring of Combat 49","2025-08-19 11:14:29"
97,6,2014-08-09,"Alexandre Bezerra",Loss,"Decision - Majority",5,5:00,"CFFC 38: Felder vs. Johnson","2025-08-19 11:23:24"
98,6,2014-04-26,"Scott Heckman",Win,"TKO (Punches)",4,2:30,"CFFC 35: Heckman vs Makashvili","2025-08-19 11:23:24"
121,7,2014-04-05,"Oliver Enkamp",Loss,"Unanimous Decision",3,5:00,"IRFA: International Ring Fight Arena 6","2025-08-19 11:23:27"
99,6,2014-02-22,"Jordan Stiner",Win,"Decision - Unanimous",3,5:00,"CFFC 32: Stripling vs Anyanwu","2025-08-19 11:23:24"
41,2,2014-01-24,"Darren Mima",Loss,"Decision - Majority",3,4:00,"ROC 47: Ring of Combat 47","2025-08-19 11:14:29"
100,6,2013-09-20,"Tom English",Win,"KO (Punch)",2,1:39,"ROC 46: Ring of Combat 46","2025-08-19 11:23:24"
101,6,2013-04-13,"Thomas Wash",Win,"TKO (Punches)",1,0:17,"TWEF: Turf Wars 11","2025-08-19 11:23:24"
102,6,2013-04-05,"Anthony Facchini",Win,"Decision - Unanimous",3,4:00,"ROC 44: Ring of Combat 44","2025-08-19 11:23:24"
122,7,2013-03-23,"Jonathan Svensson",Win,KO/TKO,3,5:00,"HFC: Heroes Fighting","2025-08-19 11:23:27"
123,7,2013-02-09,"Erik Friberg",Win,KO/TKO,2,2:36,"FFC - Fight for Change 2","2025-08-19 11:23:27"
103,6,2012-11-16,"Levan Kveselava",Win,TKO,1,2:05,"GUFF: Determination","2025-08-19 11:23:24"
104,6,2012-08-06,"Garik Abriamiani",Win,TKO,3,1:11,"GUFF: Batubi Circus","2025-08-19 11:23:24"
105,6,2011-09-22,"Giorgi Aptsiauri",Win,"Decision - Unanimous",3,3:00,"GUFF: Georgian Universal Fighting Federation","2025-08-19 11:23:24"
106,6,2011-09-17,"Giorgi Turashvili",Win,TKO,1,0:51,"GUFF: Georgian Universal Fighting Federation","2025-08-19 11:23:24"
124,7,2010-05-15,"Dimitri Izoria",Win,"Submission (Armbar)",1,5:00,"M-1 Georgia 2010","2025-08-19 11:23:27"
